{
  "iso_score_p95": -3.0423681753876677e-16,
  "ae_mse_p95": 0.0001406205992680043
}